id,title,selftextscore,num_comments,author,created_utc,url,over_18,edited,spoiler,stickied
g53lxf,"Lad wrote a Python script to download Alexa voice recordings, he didn't expect this email.",0,133,iEslam,2020-04-20 23:11:39,https://i.redd.it/2s0dj8ob12u41.png,False,False,False,False
hoolsm,This post has:,0,435,Krukerfluk,2020-07-10 13:06:13,https://www.reddit.com/r/Python/comments/hoolsm/this_post_has/,False,False,False,False
gftejm,I redesign the Python logo to make it more modern,0,265,jessjwilliamson,2020-05-08 13:39:09,https://i.redd.it/rxezjyf4ojx41.png,False,False,False,False
7kpme8,Automate the boring stuff with python - tinder,0,325,backprop88,2017-12-19 00:47:56,https://gfycat.com/PointlessSimplisticAmericanquarterhorse,False,False,False,False
irh8l0,"I'm excited to share my first published book, Introduction to Python Programming for Business and Social Science Applications -- specifically geared towards students not specifically in computer science",0,249,paulkaefer,2020-09-12 17:53:16,https://i.redd.it/ebmh8z3c8rm51.png,False,False,False,False
gn9add,Drawing Mona Lisa with 256 circles using evolution [Github repo in comments],0,121,Itwist101,2020-05-20 10:58:14,https://v.redd.it/nyzyx7uyfwz41,False,False,False,False
hqc7ol,I made a simulation using Python in which a neural network learns to race,0,212,atqm-,2020-07-13 09:27:37,https://v.redd.it/bgmc6q20ela51,False,False,False,False
ghxqod,"Thanks to everyoneâ€™s advice, my mouse drawing algorithm has gotten much better and faster!",0,203,Nekose,2020-05-11 22:14:39,https://v.redd.it/sktc30zom7y41,False,False,False,False
iehths,Debugging Cheat Sheet,0,112,HotTeenBoy,2020-08-22 12:47:04,https://i.redd.it/p1i8awsivji51.jpg,False,False,False,False
dg0etx,Just trying to create a orbit system in python and this happened...,0,360,LAMagicx,2019-10-10 16:21:30,https://v.redd.it/8i70ps8doqr31,False,False,False,False
